Com, 5
Node, 264
SN, 2419-0264
Firmware, 7.29
Time, 04/24/2017 04:47:05
Actual Active Channels, 1


Applied Filters
,Channel,1,Units,m/s²,Slope,0.128192,Offset,-263
Sweeps,Channel 1
0,-8.15431881
1,15.04843235
2,-5.205902576
3,3.25476861
4,-4.821326733
5,0.3063528836
6,-16.23041344
7,2.870192766
8,-7.641550541
9,18.50961494
10,0.4345448613
11,2.357424736
12,-13.15380669
13,-23.53735733
14,0.8191208839
15,15.30481625
16,7.228720665
17,7.228720665
18,-7.385166645
19,8.76702404
20,-20.97351837
21,-3.667598963
22,13.76651192
23,-19.56340599
24,-6.103246689
25,-4.564942837
26,11.202672
27,-3.154830933
28,16.71492767
29,7.100528717
30,25.17560005
31,-8.282510757
32,-3.923982859
33,-5.077710629
34,11.33086395
35,1.716464758
36,9.023407936
37,16.97131157
38,0.4345448613
39,-9.564430237
40,-9.692622185
41,-1.488335013
42,-9.051662445
43,16.97131157
44,17.99684715
45,1.716464758
46,-6.487822533
47,-18.28148651
48,-5.077710629
49,10.94628811
50,-4.693134785
51,10.43352032
52,-17.12775803
53,8.254256248
54,-21.87086105
55,4.023920536
56,15.56120014
57,11.202672
58,4.280304432
59,14.27927971
60,-3.283022881
61,14.02289581
62,-13.41019058
63,2.485616684
64,6.715952396
65,11.97182465
66,-9.820814133
67,-6.231438637
68,-10.71815872
69,-14.17934227
70,19.79153633
71,-13.02561474
72,32.48254395
73,-23.53735733
74,7.228720665
75,-27.63950157
76,-2.385679007
77,2.870192766
78,8.76702404
79,9.407984734
80,3.76753664
81,-2.257487059
82,-4.436750889
83,-14.30753422
84,7.100528717
85,4.023920536
86,18.76600075
87,-7.256974697
88,-8.667086601
89,-9.949006081
90,11.7154398
91,-0.9755670428
92,-10.33358288
93,5.305840492
94,0.3063528836
95,25.17560005
96,20.17611122
97,-11.10273457
98,-12.2564621
99,-4.308558941
100,8.638832092
101,15.94577599
102,-14.05115032
103,-5.334095001
104,-6.231438637
105,-17.89690971
106,10.68990421
107,-0.4627990723
108,27.35486412
109,-2.513870955
110,-15.46126175
111,-8.410702705
112,-14.69211006
113,23.12452698
114,3.126576662
115,3.126576662
116,-7.128782749
117,-13.02561474
118,9.536176682
119,-8.282510757
120,-3.795790911
121,3.76753664
122,6.715952396
123,12.74097633
124,16.84312057
125,-12.51284599
126,-0.07822309434
127,-3.026638985
128,-15.3330698
129,11.97182465
130,0.8191208839
131,3.76753664
132,16.45854378
133,5.818608761
134,2.10104084
135,-6.872398853
136,15.43300819
137,11.58724785
138,-11.48731041
139,7.228720665
140,-20.71713448
141,-10.58996677
142,-12.0000782
143,11.84363174
144,25.30379105
145,2.229232788
146,-9.179854393
147,-15.07668591
148,3.382960796
149,-12.51284599
150,0.0499688983
151,6.844144344
152,25.56017494
153,-12.51284599
154,-7.641550541
155,-2.257487059
156,9.023407936
157,12.74097633
158,-13.53838253
159,-4.821326733
160,-13.92295837
161,3.511152744
162,-9.820814133
163,9.920752525
164,1.07550478
165,-16.48679733
166,3.25476861
167,-7.641550541
168,2.485616684
169,1.972848773
170,-6.872398853
171,20.68887901
172,-15.84583855
173,5.049456596
174,-9.949006081
175,1.972848773
176,-2.129294872
177,11.202672
178,-0.7191830873
179,13.76651192
180,-6.616014481
181,-2.257487059
182,-13.41019058
183,-3.411214828
184,7.228720665
185,7.613296509
186,2.10104084
187,7.228720665
188,-9.051662445
189,-3.795790911
190,11.58724785
191,-5.718670845
192,20.43249512
193,-10.20539093
194,13.89470387
195,-27.38311768
196,-3.411214828
197,-10.46177483
198,-0.5909910798
199,10.43352032
200,0.8191208839
201,-0.07822309434
202,7.356912613
203,-0.9755670428
204,3.126576662
205,-17.51233482
206,6.715952396
207,-5.462286949
208,-0.4627990723
209,-4.693134785
210,22.48356819
211,23.38091087
212,12.10001659
213,2.742000818
214,-2.513870955
215,-3.283022881
216,2.998384714
217,20.17611122
218,-4.436750889
219,6.715952396
220,-12.64103794
221,-20.07617378
222,-3.283022881
223,-14.69211006
224,26.20113564
225,2.613808632
226,2.998384714
227,-11.10273457
228,-17.25595093
229,15.68939209
230,-9.564430237
231,4.280304432
232,1.844656825
233,-2.513870955
234,-2.513870955
235,-17.76871872
236,-2.513870955
237,-3.154830933
238,1.331888795
239,-3.539406776
240,4.023920536
241,-9.820814133
242,22.35537529
243,4.921264648
244,-17.64052582
245,-5.846862793
246,-10.07719898
247,13.38193607
248,-5.462286949
249,2.870192766
250,11.4590559
251,-14.30753422
252,1.203696847
253,-2.513870955
254,0.1781608909
255,7.356912613
256,-3.026638985
257,-7.769742489
258,-13.28199863
259,1.07550478
260,1.460080862
261,8.76702404
262,6.331376553
263,-3.667598963
264,5.690416336
265,-15.3330698
266,-10.33358288
267,-0.8473750353
268,14.66385651
269,19.02238464
270,2.998384714
271,-3.154830933
272,-16.35860634
273,5.43403244
274,-11.87188625
275,1.460080862
276,3.25476861
277,-4.308558941
278,5.562224388
279,-12.12827015
280,-14.56391811
281,-1.488335013
282,3.126576662
283,23.63729477
284,8.254256248
285,-15.84583855
286,4.664880753
287,-2.257487059
288,4.280304432
289,14.27927971
290,-5.718670845
291,16.84312057
292,-6.744206905
293,6.331376553
294,-34.94644547
295,-2.385679007
296,3.511152744
297,5.562224388
298,20.68887901
299,-4.949518681
300,-6.359630585
301,-19.69159889
302,-6.744206905
303,-8.282510757
304,16.07396889
305,2.357424736
306,13.25374413
307,-9.436238289
308,-14.17934227
309,-6.231438637
310,-21.10170937
311,8.895215988
312,1.07550478
313,24.02187157
314,-16.23041344
315,-15.97403049
316,-9.564430237
317,1.58827281
318,28.3803997
319,1.07550478
320,5.818608761
321,5.690416336
322,-10.07719898
323,-7.513358593
324,0.3063528836
325,6.074992657
326,-5.718670845
327,24.27825546
328,2.229232788
329,12.10001659
330,-11.87188625
331,4.408496857
332,13.63831997
333,-11.10273457
334,6.459568501
335,15.1766243
336,7.741488457
337,4.280304432
338,-16.74318123
339,-3.283022881
340,20.56068802
341,-4.949518681
342,17.09950447
343,-3.283022881
344,-9.820814133
345,2.485616684
346,-24.94746971
347,25.81655884
348,0.3063528836
349,18.25323105
350,-9.051662445
351,-27.25492477
352,10.56171227
353,-12.76922989
354,16.71492767
355,1.716464758
356,5.049456596
357,14.27927971
358,2.613808632
359,3.895728588
360,-2.77025485
361,11.97182465
362,0.0499688983
363,20.56068802
364,-13.28199863
365,14.79204845
366,-11.48731041
367,-9.179854393
368,-6.231438637
369,-10.46177483
370,2.10104084
371,15.56120014
372,-2.385679007
373,9.279792786
374,-12.89742279
375,6.074992657
376,-8.282510757
377,1.972848773
378,16.58673668
379,9.407984734
380,1.203696847
381,-21.10170937
382,-7.385166645
383,1.844656825
384,-9.179854393
385,-5.590478897
386,8.510640144
387,16.97131157
388,6.074992657
389,4.280304432
390,-5.334095001
391,2.742000818
392,0.8191208839
393,-14.56391811
394,9.279792786
395,-20.07617378
396,21.9708004
397,-8.026126862
398,6.587760448
399,-17.64052582
400,-11.74369431
401,1.844656825
402,-1.360143065
403,-9.692622185
404,18.63780785
405,-16.35860634
406,7.613296509
407,6.715952396
408,-10.71815872
409,12.99736023
410,5.049456596
411,4.023920536
412,-17.51233482
413,5.43403244
414,7.228720665
415,0.8191208839
416,-5.462286949
417,21.8426075
418,5.049456596
419,2.742000818
420,-1.616526961
421,-14.69211006
422,7.613296509
423,6.844144344
424,10.94628811
425,5.818608761
426,-9.436238289
427,18.89419174
428,-11.35911846
429,-9.949006081
430,-11.61550236
431,5.562224388
432,27.48305511
433,-13.79476643
434,7.356912613
435,-16.23041344
436,-5.718670845
437,-2.129294872
438,2.229232788
439,9.536176682
440,6.074992657
441,5.690416336
442,-16.74318123
443,-17.38414192
444,-0.4627990723
445,9.023407936
446,16.71492767
447,-13.79476643
448,17.35588837
449,5.562224388
450,15.30481625
451,-10.71815872
452,5.43403244
453,13.89470387
454,14.66385651
455,12.99736023
456,12.48459244
457,-27.12673378
458,-1.744719028
459,-11.35911846
460,-8.667086601
461,20.68887901
462,0.0499688983
463,10.30532837
464,-7.000590801
465,-13.28199863
466,-3.283022881
467,-5.334095001
468,10.17713642
469,-2.385679007
470,-16.61499023
471,-4.436750889
472,-5.205902576
473,10.56171227
474,-10.84635067
475,1.58827281
476,14.66385651
477,2.870192766
478,10.43352032
479,-8.026126862
480,0.3063528836
481,-1.744719028
482,4.152112484
483,7.613296509
484,6.203184605
485,1.460080862
486,3.126576662
487,-2.257487059
488,-13.66657448
489,3.76753664
490,-0.4627990723
491,1.203696847
492,11.202672
493,-19.81978989
494,12.99736023
495,-20.84532547
496,0.3063528836
497,-1.231950998
498,1.07550478
499,13.76651192
500,-13.41019058
501,-17.12775803
502,-18.28148651
503,8.76702404
504,7.356912613
505,11.33086395
506,-5.334095001
507,18.38142395
508,-14.43572617
509,-2.385679007
510,5.43403244
511,-12.0000782
512,12.48459244
513,0.9473128319
514,2.998384714
515,7.869680405
516,-2.385679007
517,-14.05115032
518,-3.923982859
519,-12.89742279
520,16.97131157
521,0.1781608909
522,-3.923982859
523,6.459568501
524,-13.41019058
525,-13.66657448
526,12.74097633
527,-6.872398853
528,13.76651192
529,-10.71815872
530,14.40747166
531,-11.48731041
532,-10.71815872
533,0.4345448613
534,4.023920536
535,19.53515244
536,-9.436238289
537,6.587760448
538,-3.411214828
539,0.5627368689
540,-8.026126862
541,0.4345448613
542,-8.795278549
543,10.94628811
544,-2.129294872
545,7.613296509
546,9.536176682
547,-4.693134785
548,-14.94849396
549,2.998384714
550,-4.564942837
551,19.66334343
552,2.485616684
553,9.023407936
554,-24.05012512
555,-15.3330698
556,5.562224388
557,17.86865616
558,9.407984734
559,-3.026638985
560,-2.129294872
561,-12.38465405
562,-11.74369431
563,2.357424736
564,10.81809616
565,9.664368629
566,-4.949518681
567,-21.87086105
568,-3.795790911
569,2.10104084
570,11.33086395
571,-13.15380669
572,10.68990421
573,2.998384714
574,12.48459244
575,-15.97403049
576,-15.3330698
577,3.382960796
578,10.56171227
579,11.7154398
580,8.126064301
581,-13.79476643
582,-7.128782749
583,-10.33358288
584,-0.07822309434
585,18.38142395
586,-3.026638985
587,20.43249512
588,-9.949006081
589,-0.4627990723
590,-10.71815872
591,-15.58945465
592,10.56171227
593,-7.128782749
594,1.58827281
595,2.10104084
596,-4.436750889
597,2.10104084
598,-4.180366993
599,9.536176682
600,11.4590559
601,-8.538894653
602,4.793072701
603,-1.360143065
604,3.126576662
605,8.76702404
606,-16.23041344
607,-8.282510757
608,1.460080862
609,21.07345581
610,14.66385651
611,11.07448006
612,-16.74318123
613,-9.051662445
614,-14.30753422
615,-10.33358288
616,19.66334343
617,-13.02561474
618,6.331376553
619,9.664368629
620,-7.769742489
621,-11.87188625
622,-3.154830933
623,-16.35860634
624,3.382960796
625,-3.411214828
626,17.74046326
627,-8.538894653
628,-11.35911846
629,-6.487822533
630,-12.64103794
631,23.89367867
632,-13.66657448
633,-5.205902576
634,6.331376553
635,4.280304432
636,-11.35911846
637,-2.001102924
638,-22.38363075
639,9.920752525
640,9.536176682
641,-3.026638985
642,13.76651192
643,-25.4602375
644,-3.667598963
645,-7.385166645
646,-0.7191830873
647,13.89470387
648,-22.76820564
649,28.6367836
650,-8.667086601
651,0.4345448613
652,-12.89742279
653,-4.436750889
654,18.38142395
655,11.97182465
656,9.023407936
657,-3.667598963
658,6.074992657
659,9.023407936
660,10.94628811
661,-0.3346070647
662,-2.257487059
663,-3.795790911
664,-10.20539093
665,33.76446152
666,-9.179854393
667,18.89419174
668,-23.02458954
669,-7.256974697
670,-12.0000782
671,2.357424736
672,21.5862236
673,0.1781608909
674,-0.7191830873
675,-9.949006081
676,-17.76871872
677,-13.15380669
678,-2.001102924
679,11.7154398
680,6.331376553
681,-11.35911846
682,-4.821326733
683,-5.205902576
684,-8.15431881
685,-5.462286949
686,-0.07822309434
687,12.10001659
688,14.79204845
689,-4.693134785
690,-3.923982859
691,-0.5909910798
692,-3.667598963
693,4.152112484
694,-0.7191830873
695,-6.872398853
696,9.664368629
697,-7.641550541
698,0.8191208839
699,12.99736023
700,18.50961494
701,18.38142395
702,6.715952396
703,-2.513870955
704,-1.488335013
705,6.331376553
706,-4.180366993
707,2.998384714
708,5.049456596
709,-10.20539093
710,-2.385679007
711,-1.488335013
712,7.228720665
713,-12.51284599
714,9.920752525
715,-10.07719898
716,18.38142395
717,-14.30753422
718,-4.564942837
719,-0.7191830873
720,8.126064301
721,4.280304432
722,8.76702404
723,-10.46177483
724,-11.10273457
725,-20.20436668
726,-0.9755670428
727,8.254256248
728,-5.975054741
729,22.09899139
730,-15.97403049
731,11.97182465
732,-23.02458954
733,-2.898447037
734,1.972848773
735,11.07448006
736,-6.231438637
737,4.023920536
738,1.203696847
739,-5.205902576
740,-4.693134785
741,1.972848773
742,2.870192766
743,12.35640049
744,-3.795790911
745,5.818608761
746,-9.179854393
747,13.38193607
748,-13.28199863
749,-0.8473750353
750,11.202672
751,-0.8473750353
752,-16.87137413
753,-7.256974697
754,0.3063528836
755,0.4345448613
756,16.97131157
757,-10.20539093
758,12.86916828
759,-21.99905396
760,-1.360143065
761,7.228720665
762,-8.667086601
763,13.63831997
764,-4.564942837
765,4.793072701
766,-3.154830933
767,1.460080862
768,-1.616526961
769,-3.283022881
770,-8.795278549
771,-2.385679007
772,-7.769742489
773,15.30481625
774,-15.84583855
775,-0.8473750353
776,-4.436750889
777,-5.334095001
778,4.408496857
779,9.023407936
780,-2.257487059
781,-12.12827015
782,14.15108776
783,-24.05012512
784,13.38193607
785,-16.48679733
786,27.99582291
787,-11.10273457
788,3.382960796
789,1.203696847
790,-2.257487059
791,0.5627368689
792,2.613808632
793,-1.360143065
794,6.972336292
795,-4.180366993
796,-18.02510262
797,-0.4627990723
798,2.613808632
799,10.56171227
800,8.895215988
801,-12.89742279
802,2.485616684
803,2.485616684
804,1.972848773
805,-3.667598963
806,3.382960796
807,15.68939209
808,2.998384714
809,-0.07822309434
810,-2.513870955
811,-27.63950157
812,-0.9755670428
813,0.8191208839
814,3.639344692
815,15.04843235
816,-11.10273457
817,8.76702404
818,-2.898447037
819,-21.10170937
820,6.074992657
821,9.664368629
822,10.30532837
823,6.972336292
824,-27.12673378
825,13.89470387
826,2.998384714
827,18.89419174
828,15.43300819
829,8.510640144
830,11.84363174
831,-20.97351837
832,-3.154830933
833,-4.436750889
834,1.58827281
835,-2.129294872
836,13.63831997
837,-13.15380669
838,19.53515244
839,-9.564430237
840,-0.4627990723
841,-0.7191830873
842,-23.28097343
843,10.81809616
844,-7.128782749
845,0.3063528836
846,11.84363174
847,-7.769742489
848,11.7154398
849,-15.97403049
850,-7.897934437
851,-10.33358288
852,-0.07822309434
853,16.84312057
854,1.331888795
855,4.664880753
856,-1.744719028
857,-6.359630585
858,-14.17934227
859,2.870192766
860,12.86916828
861,-0.07822309434
862,-3.411214828
863,-4.052175045
864,10.17713642
865,-11.35911846
866,9.407984734
867,-9.051662445
868,10.30532837
869,12.10001659
870,0.5627368689
871,-9.179854393
872,-1.231950998
873,-11.87188625
874,7.741488457
875,-3.154830933
876,-0.9755670428
877,-0.5909910798
878,-24.56289291
879,14.27927971
880,-5.077710629
881,8.895215988
882,2.357424736
883,8.895215988
884,-5.462286949
885,9.664368629
886,-6.103246689
887,4.023920536
888,11.4590559
889,14.66385651
890,22.73995209
891,15.68939209
892,-15.20487785
893,-8.667086601
894,2.357424736
895,-13.02561474
896,30.43147087
897,-9.692622185
898,12.10001659
899,-20.07617378
900,-15.46126175
901,-6.744206905
902,1.716464758
903,8.895215988
904,5.690416336
905,0.9473128319
906,-3.154830933
907,-9.179854393
908,7.356912613
909,8.76702404
910,13.51012802
911,-1.616526961
912,1.331888795
913,-27.38311768
914,14.5356636
915,5.305840492
916,5.946800709
917,-5.205902576
918,14.5356636
919,-3.923982859
920,1.716464758
921,-23.66555023
922,2.229232788
923,8.76702404
924,-12.89742279
925,28.8931675
926,-10.07719898
927,7.741488457
928,-6.744206905
929,-16.87137413
930,0.1781608909
931,-10.84635067
932,12.48459244
933,11.97182465
934,-23.79374123
935,10.43352032
936,-20.20436668
937,24.02187157
938,-2.257487059
939,-6.231438637
940,10.56171227
941,6.844144344
942,16.71492767
943,-17.12775803
944,-3.667598963
945,4.921264648
946,-9.308046341
947,-6.616014481
948,11.202672
949,-0.7191830873
950,11.33086395
951,-11.87188625
952,-20.07617378
953,-1.10375905
954,5.177648544
955,-3.283022881
956,28.2522068
957,-7.769742489
958,14.27927971
959,-3.411214828
960,-3.795790911
961,9.664368629
962,11.58724785
963,21.32983971
964,-8.410702705
965,-9.308046341
966,-25.33204651
967,6.715952396
968,-2.898447037
969,-4.052175045
970,6.074992657
971,6.331376553
972,-5.718670845
973,2.870192766
974,-1.616526961
975,0.9473128319
976,-12.64103794
977,-7.128782749
978,10.30532837
979,0.6909288764
980,6.844144344
981,-11.23092651
982,-12.0000782
983,-15.7176466
984,5.690416336
985,-1.616526961
986,19.02238464
987,-22.64001465
988,12.99736023
989,-1.488335013
990,-7.128782749
991,5.562224388
992,7.613296509
993,18.50961494
994,-6.359630585
995,1.716464758
996,-10.97454262
997,-5.077710629
998,-3.026638985
999,-0.07822309434
1000,4.536688805
1001,17.22769547
1002,-6.872398853
1003,6.331376553
1004,-16.48679733
1005,-14.94849396
1006,-2.642062902
1007,9.792560577
1008,7.228720665
1009,12.74097633
1010,-2.001102924
1011,-7.513358593
1012,-17.25595093
1013,-14.94849396
1014,15.68939209
1015,8.254256248
1016,6.203184605
1017,-2.001102924
1018,-8.795278549
1019,7.613296509
1020,-18.15329361
1021,18.38142395
1022,9.792560577
1023,12.10001659
1024,-1.616526961
1025,-8.538894653
1026,5.43403244
1027,-12.76922989
1028,24.02187157
1029,-2.513870955
1030,16.33035278
1031,-24.30650902
1032,15.94577599
1033,-14.05115032
1034,2.229232788
1035,-16.48679733
1036,-4.436750889
1037,9.407984734
1038,6.715952396
1039,-5.975054741
1040,6.587760448
1041,-0.07822309434
1042,-13.28199863
1043,15.56120014
1044,5.562224388
1045,5.818608761
1046,20.04792023
1047,0.9473128319
1048,9.536176682
1049,-26.1011982
1050,9.279792786
1051,3.25476861
1052,-1.10375905
1053,1.07550478
1054,-14.82030201
1055,18.38142395
1056,6.715952396
1057,7.997872353
1058,14.40747166
1059,2.998384714
1060,5.562224388
1061,6.972336292
1062,-3.539406776
1063,-0.07822309434
1064,10.04894447
1065,-11.48731041
1066,18.76600075
1067,12.10001659
1068,15.1766243
1069,-0.4627990723
1070,-12.12827015
1071,-1.10375905
1072,-16.35860634
1073,9.279792786
1074,13.38193607
1075,-12.89742279
1076,9.279792786
1077,-24.81927681
1078,12.61278439
1079,-13.53838253
1080,5.177648544
1081,3.511152744
1082,12.99736023
1083,1.844656825
1084,-6.744206905
1085,-10.33358288
1086,1.07550478
1087,5.562224388
1088,0.1781608909
1089,2.357424736
1090,4.536688805
1091,-10.20539093
1092,0.9473128319
1093,-5.718670845
1094,-0.3346070647
1095,17.86865616
1096,-12.12827015
1097,13.51012802
1098,-8.410702705
1099,18.38142395
1100,-10.46177483
1101,-12.89742279
1102,7.356912613
1103,0.1781608909
1104,7.997872353
1105,7.228720665
1106,-2.513870955
1107,-15.84583855
1108,-24.56289291
1109,26.07294273
1110,19.27876854
1111,-23.28097343
1112,-1.488335013
1113,-19.94798279
1114,-14.94849396
1115,15.43300819
1116,0.9473128319
1117,6.074992657
1118,-10.07719898
1119,-4.308558941
1120,3.25476861
1121,-4.308558941
1122,-8.667086601
1123,21.5862236
1124,6.587760448
1125,5.690416336
1126,-7.769742489
1127,-7.769742489
1128,-2.513870955
1129,-0.4627990723
1130,-12.0000782
1131,15.81758404
1132,0.6909288764
1133,13.76651192
1134,-19.69159889
1135,-10.71815872
1136,-3.923982859
1137,0.6909288764
1138,3.25476861
1139,19.53515244
1140,-7.385166645
1141,-11.23092651
1142,-10.84635067
1143,-7.769742489
1144,-1.488335013
1145,3.25476861
1146,21.32983971
1147,-11.23092651
1148,-8.923470497
1149,-10.07719898
1150,7.613296509
1151,13.89470387
1152,14.02289581
1153,-4.180366993
1154,25.81655884
1155,-26.87034988
1156,1.716464758
1157,-23.28097343
1158,8.895215988
1159,10.56171227
1160,-0.8473750353
1161,12.10001659
1162,4.664880753
1163,-11.48731041
1164,-10.33358288
1165,-0.4627990723
1166,-12.51284599
1167,12.48459244
1168,5.049456596
1169,1.972848773
1170,-2.001102924
1171,-16.48679733
1172,7.100528717
1173,-0.4627990723
1174,32.48254395
1175,8.254256248
1176,-14.94849396
1177,1.716464758
1178,-8.667086601
1179,13.76651192
1180,-7.897934437
1181,-4.436750889
1182,14.79204845
1183,8.126064301
1184,5.177648544
1185,14.27927971
1186,-3.283022881
1187,-7.128782749
1188,11.7154398
1189,-10.58996677
1190,17.09950447
1191,24.79102325
1192,4.280304432
1193,-5.846862793
1194,-9.051662445
1195,-0.206415087
1196,5.177648544
1197,-4.052175045
1198,24.79102325
1199,-21.22990227
1200,20.30430412
1201,-31.48526192
1202,-0.8473750353
1203,-12.89742279
1204,8.638832092
1205,17.22769547
1206,1.331888795
1207,-5.462286949
1208,-13.02561474
1209,-4.821326733
1210,-6.231438637
1211,19.15057564
1212,0.3063528836
1213,11.97182465
1214,-2.129294872
1215,1.460080862
1216,7.100528717
1217,1.844656825
1218,4.023920536
1219,-5.334095001
1220,-10.33358288
1221,9.407984734
1222,-4.436750889
1223,11.84363174
1224,5.818608761
1225,-2.385679007
1226,6.331376553
1227,12.61278439
1228,9.536176682
1229,11.07448006
1230,-18.15329361
1231,-7.385166645
1232,9.023407936
1233,12.86916828
1234,22.73995209
1235,-9.564430237
1236,9.023407936
1237,-25.4602375
1238,-11.48731041
1239,18.12504005
1240,2.998384714
1241,9.151600838
1242,-25.20385361
1243,13.89470387
1244,-6.487822533
1245,-0.4627990723
1246,-4.436750889
1247,14.9202404
1248,-0.9755670428
1249,0.6909288764
1250,-13.66657448
1251,11.33086395
1252,-11.35911846
1253,13.76651192
1254,-9.564430237
1255,-3.154830933
1256,-16.87137413
1257,-6.616014481
1258,-1.488335013
1259,12.22820854
1260,-1.616526961
1261,5.562224388
1262,-10.71815872
1263,6.459568501
1264,-16.61499023
1265,3.511152744
1266,2.613808632
1267,5.690416336
1268,9.023407936
1269,-16.10222244
1270,1.844656825
1271,3.25476861
1272,-1.10375905
1273,-21.22990227
1274,15.04843235
1275,1.844656825
1276,13.51012802
1277,-17.38414192
1278,-5.846862793
1279,-1.231950998
1280,6.459568501
1281,4.664880753
1282,-0.4627990723
1283,-7.128782749
1284,-9.564430237
1285,-1.10375905
1286,-12.64103794
1287,14.27927971
1288,-5.462286949
1289,10.56171227
1290,-7.641550541
1291,12.86916828
1292,4.536688805
1293,0.6909288764
1294,7.356912613
1295,2.357424736
1296,14.02289581
1297,-15.84583855
1298,-5.462286949
1299,-0.4627990723
1300,6.203184605
1301,13.38193607
1302,-4.436750889
1303,-2.898447037
1304,-2.513870955
1305,-8.282510757
1306,-6.359630585
1307,2.485616684
1308,7.228720665
1309,8.126064301
1310,-2.898447037
1311,-2.129294872
1312,10.43352032
1313,9.023407936
1314,-16.48679733
1315,26.32932663
1316,-13.15380669
1317,22.86814308
1318,-16.48679733
1319,2.613808632
1320,-23.15278244
1321,1.460080862
1322,14.9202404
1323,5.049456596
1324,-12.38465405
1325,-8.795278549
1326,-6.231438637
1327,-17.76871872
1328,9.151600838
1329,-5.077710629
1330,21.7144165
1331,-3.411214828
1332,-2.385679007
1333,4.664880753
1334,-31.48526192
1335,-4.693134785
1336,19.91972733
1337,7.100528717
1338,17.99684715
1339,-18.53787041
1340,-3.923982859
1341,-23.53735733
1342,-6.359630585
1343,14.79204845
1344,-7.128782749
1345,23.63729477
1346,-6.359630585
1347,-7.641550541
1348,-14.43572617
1349,-3.923982859
1350,14.27927971
1351,18.38142395
1352,9.279792786
1353,-7.256974697
1354,2.485616684
1355,-1.616526961
1356,-11.35911846
1357,-6.359630585
1358,0.9473128319
1359,20.68887901
1360,1.07550478
1361,12.22820854
1362,-4.052175045
1363,-6.359630585
1364,-10.33358288
1365,-3.667598963
1366,17.99684715
1367,-1.10375905
1368,-0.4627990723
1369,-6.359630585
1370,-7.513358593
1371,-0.4627990723
1372,-1.10375905
1373,-4.693134785
1374,11.84363174
1375,7.100528717
1376,18.76600075
1377,-0.07822309434
1378,6.203184605
1379,-8.795278549
1380,6.844144344
1381,-0.4627990723
1382,2.613808632
1383,-1.744719028
1384,10.30532837
1385,-3.283022881
1386,-10.20539093
1387,1.844656825
1388,-14.82030201
1389,5.305840492
1390,-0.7191830873
1391,1.58827281
1392,1.716464758
1393,-8.795278549
1394,-6.744206905
1395,4.152112484
1396,-21.35809326
1397,22.61175919
1398,17.09950447
1399,-5.205902576
1400,6.459568501
1401,-28.79323006
1402,6.331376553
1403,-0.206415087
1404,4.408496857
1405,20.56068802
1406,-3.411214828
1407,10.68990421
1408,-17.25595093
1409,-4.436750889
1410,8.76702404
1411,-3.667598963
1412,-1.10375905
1413,4.921264648
1414,-7.128782749
1415,15.68939209
1416,-18.7942543
1417,-17.64052582
1418,5.818608761
1419,1.58827281
1420,0.0499688983
1421,14.66385651
1422,-8.538894653
1423,-0.3346070647
1424,-22.76820564
1425,2.742000818
1426,6.459568501
1427,22.35537529
1428,-0.4627990723
1429,-3.539406776
1430,-3.154830933
1431,-12.76922989
1432,-2.001102924
1433,6.459568501
1434,0.5627368689
1435,16.33035278
1436,-10.20539093
1437,-1.10375905
1438,1.331888795
1439,-1.488335013
1440,11.4590559
1441,-8.282510757
1442,2.357424736
1443,9.279792786
1444,2.870192766
1445,-2.385679007
1446,-27.25492477
1447,-1.744719028
1448,4.921264648
1449,22.99633598
1450,12.48459244
1451,-6.103246689
1452,-9.179854393
1453,-17.12775803
1454,-1.360143065
1455,4.664880753
1456,1.331888795
1457,-10.20539093
1458,12.74097633
1459,-18.40967751
1460,-2.642062902
1461,-8.795278549
1462,-6.872398853
1463,-1.744719028
1464,18.63780785
1465,-7.385166645
1466,6.203184605
1467,-10.71815872
1468,-13.02561474
1469,7.613296509
1470,-9.179854393
1471,15.68939209
1472,0.5627368689
1473,14.66385651
1474,-13.15380669
1475,-9.308046341
1476,7.741488457
1477,3.126576662
1478,1.716464758
1479,6.587760448
1480,-15.3330698
1481,-4.436750889
1482,-10.97454262
1483,10.17713642
1484,18.38142395
1485,4.664880753
1486,-11.74369431
1487,-3.539406776
1488,-17.76871872
1489,8.510640144
1490,-8.026126862
1491,-2.001102924
1492,4.536688805
1493,-3.411214828
1494,5.43403244
1495,-6.616014481
1496,-18.15329361
1497,-3.667598963
1498,0.8191208839
1499,9.792560577
1500,-11.10273457
1501,-9.564430237
1502,11.07448006
1503,-25.33204651
1504,10.94628811
1505,3.639344692
1506,7.356912613
1507,0.5627368689
1508,-18.15329361
1509,0.9473128319
1510,-16.23041344
1511,12.10001659
1512,15.81758404
1513,8.895215988
1514,13.63831997
1515,-0.7191830873
1516,-8.923470497
1517,-8.667086601
1518,3.639344692
1519,0.6909288764
1520,6.074992657
1521,-3.411214828
1522,16.84312057
1523,-20.97351837
1524,0.9473128319
1525,-9.308046341
1526,0.1781608909
1527,4.408496857
1528,6.715952396
1529,-10.33358288
1530,7.485104561
1531,-26.1011982
1532,4.536688805
1533,-4.436750889
1534,15.04843235
1535,2.998384714
1536,-7.128782749
1537,10.81809616
1538,-23.15278244
1539,4.280304432
1540,13.12555218
1541,5.562224388
1542,12.74097633
1543,9.279792786
1544,-7.256974697
1545,0.0499688983
1546,-9.564430237
1547,1.716464758
1548,2.613808632
1549,10.30532837
1550,1.716464758
1551,-18.15329361
1552,-8.026126862
1553,-8.282510757
1554,21.8426075
1555,11.33086395
1556,1.07550478
1557,3.76753664
1558,-8.667086601
1559,12.10001659
1560,-5.718670845
1561,0.1781608909
1562,14.27927971
1563,-1.616526961
1564,10.56171227
1565,-23.66555023
1566,-13.28199863
1567,-3.539406776
1568,12.99736023
1569,-3.026638985
1570,2.613808632
1571,-0.4627990723
1572,8.382448196
1573,-11.23092651
1574,-2.257487059
1575,-0.5909910798
1576,0.9473128319
1577,-1.744719028
1578,4.408496857
1579,-12.0000782
1580,12.22820854
1581,-12.12827015
1582,-14.17934227
1583,-10.20539093
1584,-6.872398853
1585,19.91972733
1586,0.3063528836
1587,-1.10375905
1588,-14.69211006
1589,-13.53838253
1590,-8.923470497
1591,2.998384714
1592,8.382448196
1593,8.895215988
1594,0.1781608909
1595,-4.180366993
1596,-19.69159889
1597,-0.5909910798
1598,8.76702404
1599,5.305840492
1600,-13.28199863
1601,15.94577599
1602,-11.87188625
1603,19.40695953
1604,-4.564942837
1605,-8.795278549
1606,-2.642062902
1607,19.02238464
1608,10.81809616
1609,5.43403244
1610,-23.02458954
1611,0.8191208839
1612,2.357424736
1613,-21.10170937
1614,17.86865616
1615,-3.795790911
1616,9.023407936
1617,-11.48731041
1618,-12.38465405
1619,-3.795790911
1620,-13.02561474
1621,18.25323105
1622,17.09950447
1623,-10.33358288
1624,7.869680405
1625,-22.12724495
1626,15.04843235
1627,9.023407936
1628,6.074992657
1629,12.74097633
1630,-3.154830933
1631,14.79204845
1632,-9.564430237
1633,4.793072701
1634,-7.128782749
1635,-11.87188625
1636,-6.231438637
1637,-0.4627990723
1638,-5.846862793
1639,7.741488457
1640,-3.795790911
1641,5.177648544
1642,-11.23092651
1643,-3.154830933
1644,-0.7191830873
1645,-5.205902576
1646,17.61227226
1647,-4.949518681
1648,-7.897934437
1649,-12.0000782
1650,3.76753664
1651,5.562224388
1652,16.97131157
1653,-2.77025485
1654,3.126576662
1655,-3.795790911
1656,2.10104084
1657,-7.128782749
1658,-0.206415087
1659,12.22820854
1660,5.946800709
1661,-13.02561474
1662,16.84312057
1663,-17.76871872
1664,-2.898447037
1665,-10.58996677
1666,-6.616014481
1667,21.8426075
1668,17.99684715
1669,6.587760448
1670,-16.87137413
1671,-11.23092651
1672,-19.17882919
1673,6.587760448
1674,-3.283022881
1675,-1.231950998
1676,-10.84635067
1677,18.76600075
1678,1.972848773
1679,-7.256974697
1680,5.305840492
1681,-3.283022881
1682,30.30327988
1683,-1.10375905
1684,-13.53838253
1685,-22.76820564
1686,3.382960796
1687,1.716464758
1688,19.02238464
1689,11.202672
1690,24.66283226
1691,8.76702404
1692,17.09950447
1693,-9.308046341
1694,-8.410702705
1695,-6.744206905
1696,8.126064301
1697,-0.8473750353
1698,7.356912613
1699,0.8191208839
1700,-11.23092651
1701,-0.9755670428
1702,-23.15278244
1703,20.04792023
1704,2.485616684
1705,11.58724785
1706,1.07550478
1707,0.5627368689
1708,4.793072701
1709,-13.28199863
1710,14.40747166
1711,5.049456596
1712,5.818608761
1713,-1.488335013
1714,-14.05115032
1715,-6.744206905
1716,-16.48679733
1717,0.9473128319
1718,24.15006256
1719,-4.564942837
1720,19.91972733
1721,-15.7176466
1722,-5.975054741
1723,-12.38465405
1724,0.8191208839
1725,15.43300819
1726,6.715952396
1727,11.97182465
1728,4.152112484
1729,-11.10273457
1730,-7.769742489
1731,2.10104084
1732,-6.744206905
1733,15.43300819
1734,16.07396889
1735,-14.94849396
1736,-6.487822533
1737,-27.25492477
1738,6.459568501
1739,18.89419174
1740,2.998384714
1741,2.998384714
1742,-11.23092651
1743,4.664880753
1744,-15.97403049
1745,0.5627368689
1746,7.356912613
1747,4.793072701
1748,9.792560577
1749,-8.538894653
1750,-0.9755670428
1751,10.04894447
1752,-8.923470497
1753,-5.590478897
1754,4.023920536
1755,0.6909288764
1756,11.4590559
1757,-0.3346070647
1758,-5.846862793
1759,-17.51233482
1760,-13.92295837
1761,-0.9755670428
1762,19.02238464
1763,-10.46177483
1764,28.76497459
1765,-20.46075058
1766,8.126064301
1767,6.459568501
1768,-12.0000782
1769,-14.17934227
1770,-4.052175045
1771,9.664368629
1772,-3.411214828
1773,-0.4627990723
1774,3.76753664
1775,0.8191208839
1776,-12.2564621
1777,-8.538894653
1778,11.97182465
1779,9.920752525
1780,-19.30702209
1781,12.35640049
1782,-8.667086601
1783,7.100528717
1784,-5.462286949
1785,-9.692622185
1786,4.664880753
1787,-11.23092651
1788,18.76600075
1789,-11.48731041
1790,-8.410702705
1791,-14.05115032
1792,-8.026126862
1793,2.229232788
1794,19.40695953
1795,-2.513870955
1796,18.76600075
1797,-3.026638985
1798,-7.256974697
1799,-9.949006081
1800,-8.923470497
1801,28.12401581
1802,-7.769742489
1803,4.793072701
1804,-14.82030201
1805,4.536688805
1806,-2.129294872
1807,-2.513870955
1808,2.10104084
1809,7.485104561
1810,-14.69211006
1811,2.485616684
1812,9.664368629
1813,9.792560577
1814,15.56120014
1815,-5.077710629
1816,11.7154398
1817,-15.97403049
1818,-13.92295837
1819,1.07550478
1820,-1.10375905
1821,19.40695953
1822,-9.179854393
1823,0.6909288764
1824,-0.07822309434
1825,-10.20539093
1826,-1.488335013
1827,-6.359630585
1828,4.408496857
1829,7.613296509
1830,-4.564942837
1831,-13.53838253
1832,-5.846862793
1833,3.895728588
1834,-7.513358593
1835,6.203184605
1836,5.43403244
1837,19.79153633
1838,-26.99854088
1839,1.07550478
1840,-4.821326733
1841,-5.077710629
1842,8.510640144
1843,9.792560577
1844,-2.77025485
1845,10.17713642
1846,-9.308046341
1847,-9.820814133
1848,7.869680405
1849,-15.7176466
1850,28.5085907
1851,-1.10375905
1852,-2.257487059
1853,-10.71815872
1854,-29.04961395
1855,4.664880753
1856,3.25476861
1857,10.56171227
1858,10.56171227
1859,-15.58945465
1860,11.97182465
1861,-16.87137413
1862,10.94628811
1863,-8.795278549
1864,2.229232788
1865,5.305840492
1866,-10.71815872
1867,5.818608761
1868,3.639344692
1869,-2.642062902
1870,-2.129294872
1871,-1.616526961
1872,-4.564942837
1873,7.997872353
1874,20.68887901
1875,0.8191208839
1876,-8.923470497
1877,-13.15380669
1878,-6.487822533
1879,13.89470387
1880,0.3063528836
1881,29.53412628
1882,-21.22990227
1883,10.56171227
1884,-24.43470192
1885,4.023920536
1886,-10.07719898
1887,10.81809616
1888,23.12452698
1889,-3.154830933
1890,-10.58996677
1891,-9.564430237
1892,-3.667598963
1893,-7.256974697
1894,11.202672
1895,13.76651192
1896,2.742000818
1897,18.25323105
1898,-16.10222244
1899,1.972848773
1900,10.81809616
1901,-2.129294872
1902,12.10001659
1903,13.76651192
1904,-23.28097343
1905,1.844656825
1906,-8.538894653
1907,17.48407936
1908,7.100528717
1909,-2.129294872
1910,13.38193607
1911,0.9473128319
1912,-1.744719028
1913,20.17611122
1914,-21.35809326
1915,27.86763191
1916,-12.76922989
1917,2.613808632
1918,-11.48731041
1919,-20.20436668
1920,9.279792786
1921,9.279792786
1922,20.68887901
1923,-3.026638985
1924,4.152112484
1925,3.126576662
1926,4.793072701
1927,4.536688805
1928,1.58827281
1929,5.177648544
1930,-5.590478897
1931,10.04894447
1932,-2.77025485
1933,8.76702404
1934,-3.411214828
1935,-12.89742279
1936,3.639344692
1937,-0.9755670428
1938,26.84209442
1939,-19.17882919
1940,0.1781608909
1941,-13.92295837
1942,-12.64103794
1943,13.89470387
1944,10.43352032
1945,5.43403244
1946,-0.9755670428
1947,-7.128782749
1948,-6.744206905
1949,-13.92295837
1950,-2.385679007
1951,13.25374413
1952,17.61227226
1953,-13.15380669
1954,-2.898447037
1955,-2.77025485
1956,-6.359630585
1957,13.38193607
1958,-16.74318123
1959,14.79204845
1960,2.613808632
1961,10.81809616
1962,-24.17831802
1963,-12.76922989
1964,-7.128782749
1965,7.741488457
1966,-4.693134785
1967,11.58724785
1968,-2.129294872
1969,-6.616014481
1970,-6.744206905
1971,-13.02561474
1972,9.536176682
1973,-16.61499023
1974,7.613296509
1975,6.074992657
1976,-12.38465405
1977,12.35640049
1978,-13.79476643
1979,6.587760448
1980,-16.23041344
1981,-12.38465405
1982,-2.77025485
1983,-4.436750889
1984,16.84312057
1985,-21.61447716
1986,4.921264648
1987,-5.077710629
1988,-3.795790911
1989,6.844144344
1990,-3.795790911
1991,-0.8473750353
1992,-13.28199863
1993,2.357424736
1994,9.920752525
1995,-25.97300529
1996,4.152112484
1997,-10.84635067
1998,4.664880753
1999,22.35537529
2000,6.459568501
2001,20.81707191
2002,-13.53838253
2003,-10.46177483
2004,-5.205902576
2005,4.023920536
2006,19.27876854
2007,-6.231438637
2008,-5.975054741
2009,-8.923470497
2010,-12.0000782
2011,-2.642062902
2012,5.049456596
2013,0.4345448613
2014,17.61227226
2015,0.5627368689
2016,-0.8473750353
2017,-0.9755670428
2018,-9.179854393
2019,4.280304432
2020,-9.308046341
2021,-6.231438637
2022,17.48407936
2023,8.254256248
2024,-12.89742279
2025,-3.667598963
2026,-24.56289291
2027,12.22820854
2028,16.20215988
2029,0.4345448613
2030,4.152112484
2031,-15.07668591
2032,-5.334095001
2033,4.280304432
2034,-24.81927681
2035,18.38142395
2036,-7.128782749
2037,19.02238464
2038,-9.179854393
2039,20.30430412
2040,-16.48679733
2041,14.40747166
2042,6.074992657
2043,4.280304432
2044,-1.616526961
2045,-8.15431881
2046,-2.001102924
2047,-0.9755670428
2048,13.51012802
2049,2.870192766
2050,13.76651192
2051,-2.513870955
2052,-19.0506382
2053,0.6909288764
2054,-32.8953743
2055,30.43147087
2056,14.9202404
2057,15.68939209
2058,-7.641550541
2059,-15.07668591
2060,18.25323105
2061,6.074992657
2062,15.81758404
2063,4.280304432
2064,-3.795790911
2065,-8.795278549
2066,-17.76871872
2067,-8.026126862
2068,6.844144344
2069,13.25374413
2070,11.84363174
2071,-2.257487059
2072,-9.436238289
2073,0.3063528836
2074,-1.744719028
2075,-4.949518681
2076,10.17713642
2077,10.56171227
2078,-4.564942837
2079,-11.23092651
2080,-11.35911846
2081,13.76651192
2082,0.3063528836
2083,3.126576662
2084,-0.7191830873
2085,-0.7191830873
2086,9.151600838
2087,-8.026126862
2088,-3.667598963
2089,-6.103246689
2090,-9.179854393
2091,20.17611122
2092,10.04894447
2093,-7.513358593
2094,7.741488457
2095,-15.7176466
2096,3.126576662
2097,-2.642062902
2098,-3.539406776
2099,13.38193607
2100,9.536176682
2101,7.485104561
2102,-10.97454262
2103,-3.026638985
2104,-1.10375905
2105,7.100528717
2106,-1.616526961
2107,2.229232788
2108,-4.564942837
2109,7.741488457
2110,-10.71815872
2111,-11.23092651
2112,-13.15380669
2113,7.100528717
2114,5.818608761
2115,17.48407936
2116,-16.10222244
2117,-4.821326733
2118,-16.48679733
2119,-2.77025485
2120,0.3063528836
2121,-2.257487059
2122,13.51012802
2123,-14.43572617
2124,6.972336292
2125,-22.76820564
2126,-0.5909910798
2127,-4.821326733
2128,-1.10375905
2129,-5.462286949
2130,3.382960796
2131,9.279792786
2132,2.485616684
2133,0.8191208839
2134,-13.41019058
2135,13.38193607
2136,-7.256974697
2137,-7.128782749
2138,-2.257487059
2139,12.48459244
2140,10.30532837
2141,4.536688805
2142,-14.94849396
2143,0.4345448613
2144,0.9473128319
2145,20.30430412
2146,17.74046326
2147,-6.616014481
2148,2.998384714
2149,-17.76871872
2150,-9.308046341
2151,-2.77025485
2152,-16.74318123
2153,34.14904022
2154,-2.898447037
2155,-12.0000782
2156,-13.66657448
2157,-7.641550541
2158,14.66385651
2159,4.664880753
2160,2.485616684
2161,12.22820854
2162,3.126576662
2163,1.203696847
2164,-13.66657448
2165,-6.744206905
2166,-11.35911846
2167,0.4345448613
2168,9.792560577
2169,24.40644836
2170,-10.07719898
2171,4.023920536
2172,6.331376553
2173,5.43403244
2174,15.30481625
2175,-0.4627990723
2176,7.741488457
2177,1.716464758
2178,-15.7176466
2179,7.485104561
2180,2.229232788
2181,12.48459244
2182,11.84363174
2183,-5.718670845
2184,-13.53838253
2185,-10.58996677
2186,9.151600838
2187,1.972848773
2188,15.1766243
2189,-7.641550541
2190,-3.923982859
2191,-9.436238289
2192,6.715952396
2193,9.536176682
2194,-3.026638985
2195,8.382448196
2196,1.716464758
2197,-3.667598963
2198,-0.4627990723
2199,-4.821326733
2200,4.921264648
2201,-3.411214828
2202,1.716464758
2203,9.407984734
2204,-0.206415087
2205,9.279792786
2206,-5.975054741
2207,-25.07566071
2208,16.20215988
2209,14.27927971
2210,2.485616684
2211,1.972848773
2212,-20.84532547
2213,9.664368629
2214,1.07550478
2215,9.023407936
2216,5.049456596
2217,-3.026638985
2218,24.53463936
2219,-18.02510262
2220,5.690416336
2221,6.715952396
2222,-3.026638985
2223,-2.385679007
2224,8.76702404
2225,-2.77025485
2226,11.97182465
2227,-17.25595093
2228,1.331888795
2229,-13.02561474
2230,-9.949006081
2231,9.407984734
2232,5.946800709
2233,11.202672
2234,-18.9224453
2235,-3.539406776
2236,-13.15380669
2237,2.742000818
2238,9.151600838
2239,6.715952396
2240,1.716464758
2241,-1.616526961
2242,-7.000590801
2243,-16.87137413
2244,-5.077710629
2245,19.40695953
2246,10.30532837
2247,11.33086395
2248,-16.35860634
2249,14.27927971
2250,-15.3330698
2251,-3.411214828
2252,-9.308046341
2253,10.17713642
2254,10.43352032
2255,-6.103246689
2256,-0.7191830873
2257,-3.923982859
2258,24.66283226
2259,7.997872353
2260,13.25374413
2261,18.89419174
2262,-14.17934227
2263,-9.051662445
2264,4.536688805
2265,5.562224388
2266,11.202672
2267,2.229232788
2268,-13.66657448
2269,2.613808632
2270,3.126576662
2271,-10.20539093
2272,10.04894447
2273,-0.4627990723
2274,1.203696847
2275,-18.40967751
2276,0.3063528836
2277,2.485616684
2278,-4.821326733
2279,2.742000818
2280,16.45854378
2281,-2.129294872
2282,15.68939209
2283,-6.872398853
2284,-12.2564621
2285,-5.334095001
2286,-14.69211006
2287,19.66334343
2288,4.152112484
2289,7.997872353
2290,-4.436750889
2291,-15.3330698
2292,8.510640144
2293,-4.564942837
2294,14.66385651
2295,9.023407936
2296,-0.4627990723
2297,-0.8473750353
2298,9.536176682
2299,-11.10273457
2300,16.07396889
2301,-15.07668591
2302,1.331888795
2303,13.89470387
2304,7.869680405
2305,14.02289581
2306,-21.74267006
2307,3.25476861
2308,-10.97454262
2309,-18.15329361
2310,7.100528717
2311,13.38193607
2312,14.40747166
2313,11.33086395
2314,-21.87086105
2315,-7.897934437
2316,-21.48628616
2317,2.357424736
2318,16.58673668
2319,-1.10375905
2320,18.76600075
2321,-12.2564621
2322,13.63831997
2323,6.972336292
2324,-5.334095001
2325,15.94577599
2326,1.716464758
2327,12.86916828
2328,-7.128782749
2329,-4.436750889
2330,1.972848773
2331,2.485616684
2332,-15.3330698
2333,14.9202404
2334,2.229232788
2335,5.305840492
2336,-6.359630585
2337,-14.17934227
2338,-3.795790911
2339,4.408496857
2340,4.280304432
2341,14.5356636
2342,-12.38465405
2343,-4.821326733
2344,-7.128782749
2345,-10.20539093
2346,-12.0000782
2347,-12.12827015
2348,-12.64103794
2349,1.972848773
2350,9.407984734
2351,-3.154830933
2352,-8.538894653
2353,-5.205902576
2354,2.998384714
2355,2.229232788
2356,-2.77025485
2357,4.280304432
2358,6.331376553
2359,0.3063528836
2360,-11.48731041
2361,13.89470387
2362,-5.846862793
2363,-6.616014481
2364,-14.43572617
2365,-4.564942837
2366,9.279792786
2367,3.895728588
2368,7.613296509
2369,-12.38465405
2370,-11.48731041
2371,-21.22990227
2372,15.43300819
2373,6.844144344
2374,10.68990421
2375,-1.616526961
2376,18.12504005
2377,-7.897934437
2378,-25.4602375
2379,14.40747166
2380,-11.10273457
2381,20.68887901
2382,3.895728588
2383,-7.385166645
2384,-9.564430237
2385,-2.642062902
2386,-1.616526961
2387,5.562224388
2388,-5.718670845
2389,20.56068802
2390,-6.487822533
2391,-9.949006081
2392,-2.001102924
2393,2.613808632
2394,20.56068802
2395,3.895728588
2396,-0.8473750353
2397,-10.46177483
2398,-23.02458954
2399,13.12555218
2400,-1.616526961
2401,-1.10375905
2402,7.613296509
2403,-14.30753422
2404,5.43403244
2405,-23.02458954
2406,-0.07822309434
2407,-2.385679007
2408,12.35640049
2409,2.10104084
2410,-15.3330698
2411,-5.077710629
2412,-13.41019058
2413,15.94577599
2414,4.793072701
2415,8.254256248
2416,5.049456596
2417,16.20215988
2418,-1.488335013
2419,2.485616684
2420,6.715952396
2421,8.254256248
2422,6.972336292
2423,12.61278439
2424,-8.15431881
2425,9.407984734
2426,-12.51284599
2427,5.946800709
2428,3.25476861
2429,-0.9755670428
2430,8.510640144
2431,21.45803261
2432,-5.205902576
2433,0.0499688983
2434,4.536688805
2435,-9.179854393
2436,17.99684715
2437,-23.15278244
2438,6.715952396
2439,-24.94746971
2440,-5.846862793
2441,12.74097633
2442,10.43352032
2443,27.73943901
2444,-7.128782749
2445,-6.359630585
2446,5.43403244
2447,-8.538894653
2448,-3.923982859
2449,8.254256248
2450,11.58724785
2451,2.10104084
2452,6.203184605
2453,-21.48628616
2454,-5.077710629
2455,-18.53787041
2456,-3.539406776
2457,6.203184605
2458,-2.898447037
2459,24.15006256
2460,-30.33153343
2461,13.25374413
2462,-28.66503716
2463,1.972848773
2464,8.76702404
2465,19.53515244
2466,11.202672
2467,-9.051662445
2468,10.81809616
2469,-3.026638985
2470,-6.231438637
2471,5.690416336
2472,-5.077710629
2473,4.536688805
2474,-4.821326733
2475,-6.744206905
2476,4.664880753
2477,6.459568501
2478,-1.10375905
2479,-1.231950998
2480,6.203184605
2481,-5.590478897
2482,-3.283022881
2483,-0.7191830873
2484,12.22820854
2485,0.3063528836
2486,-6.744206905
2487,-14.17934227
2488,-4.564942837
2489,-7.000590801
2490,8.126064301
2491,-7.897934437
2492,22.09899139
2493,1.972848773
2494,-13.79476643
2495,-17.12775803
2496,-3.667598963
2497,18.12504005
2498,16.97131157
2499,-14.17934227
2500,-7.128782749
2501,-1.231950998
2502,-1.360143065
2503,-6.616014481
2504,-9.179854393
2505,13.76651192
2506,-2.385679007
2507,5.690416336
2508,-7.128782749
2509,-13.28199863
2510,-0.07822309434
2511,-0.07822309434
2512,-11.35911846
2513,13.38193607
2514,3.25476861
2515,18.12504005
2516,-17.76871872
2517,-12.2564621
2518,-3.411214828
2519,2.357424736
2520,17.48407936
2521,14.15108776
2522,2.870192766
2523,-23.40916634
2524,-1.872910976
2525,-6.872398853
2526,6.074992657
2527,15.94577599
2528,-6.359630585
2529,-17.76871872
2530,-10.58996677
2531,12.86916828
2532,2.870192766
2533,17.61227226
2534,0.9473128319
2535,18.76600075
2536,-16.74318123
2537,1.460080862
2538,10.04894447
2539,-9.436238289
2540,-9.051662445
2541,6.715952396
2542,-1.10375905
2543,14.40747166
2544,-0.9755670428
2545,-8.538894653
2546,12.48459244
2547,-1.488335013
2548,24.02187157
2549,13.89470387
2550,14.15108776
2551,3.25476861
2552,-23.15278244
2553,2.998384714
2554,9.920752525
2555,1.203696847
2556,10.30532837
2557,-17.25595093
2558,6.844144344
2559,-16.48679733
2560,1.716464758
2561,-2.642062902
2562,-3.026638985
2563,6.844144344
2564,-0.07822309434
2565,-1.616526961
2566,9.536176682
2567,7.997872353
2568,-6.487822533
2569,-14.43572617
2570,-8.410702705
2571,1.331888795
2572,1.972848773
2573,22.86814308
2574,-18.02510262
2575,8.76702404
2576,-15.84583855
2577,-1.488335013
2578,3.382960796
2579,11.97182465
2580,22.2271843
2581,-11.35911846
2582,-12.89742279
2583,-12.0000782
2584,-0.5909910798
2585,-8.15431881
2586,13.76651192
2587,9.151600838
2588,-7.769742489
2589,7.869680405
2590,-0.07822309434
2591,9.664368629
2592,3.126576662
2593,9.664368629
2594,18.12504005
2595,4.536688805
2596,21.2016468
2597,3.25476861
2598,-13.28199863
2599,-5.846862793
2600,-14.94849396
2601,0.1781608909
2602,24.91921616
2603,7.485104561
2604,13.12555218
2605,-17.76871872
2606,-6.231438637
2607,-0.5909910798
2608,-10.84635067
2609,27.61124802
2610,-1.616526961
2611,-17.51233482
2612,6.844144344
2613,16.71492767
2614,6.715952396
2615,6.459568501
2616,-3.411214828
2617,-9.179854393
2618,2.229232788
2619,11.7154398
2620,2.357424736
2621,-6.359630585
2622,22.35537529
2623,4.023920536
2624,17.09950447
2625,-0.9755670428
2626,-8.923470497
2627,-1.231950998
2628,3.126576662
2629,22.86814308
2630,-17.76871872
2631,-0.206415087
2632,-14.43572617
2633,-12.89742279
2634,6.972336292
2635,15.81758404
2636,5.562224388
2637,0.6909288764
2638,-15.97403049
2639,-9.051662445
2640,-13.79476643
2641,-1.744719028
2642,8.254256248
2643,11.202672
2644,-2.898447037
2645,4.023920536
2646,6.715952396
2647,-1.744719028
2648,10.68990421
2649,-15.7176466
2650,19.40695953
2651,8.126064301
2652,23.76548767
2653,-13.79476643
2654,-16.99956703
2655,0.3063528836
2656,-5.975054741
2657,9.536176682
2658,22.09899139
2659,-2.77025485
2660,1.331888795
2661,-10.33358288
2662,-18.40967751
2663,2.998384714
2664,-2.513870955
2665,19.79153633
2666,7.485104561
2667,-18.9224453
2668,8.510640144
2669,-23.15278244
2670,10.94628811
2671,2.613808632
2672,0.6909288764
2673,12.86916828
2674,-4.949518681
2675,7.228720665
2676,-23.28097343
2677,4.280304432
2678,-2.129294872
2679,7.613296509
2680,-7.385166645
2681,7.869680405
2682,-8.667086601
2683,0.5627368689
2684,-9.179854393
2685,-9.308046341
2686,-6.103246689
2687,17.09950447
2688,5.305840492
2689,4.152112484
2690,-16.23041344
2691,-2.513870955
2692,-13.41019058
2693,3.126576662
2694,19.66334343
2695,-10.07719898
2696,30.68785477
2697,-16.74318123
2698,-1.616526961
2699,-0.7191830873
2700,0.9473128319
2701,17.48407936
2702,7.228720665
2703,-3.539406776
2704,0.1781608909
2705,-8.15431881
2706,2.998384714
2707,13.89470387
2708,6.972336292
2709,-4.436750889
2710,-3.539406776
2711,3.895728588
2712,-9.820814133
2713,3.511152744
2714,-9.308046341
2715,5.818608761
2716,12.74097633
2717,6.972336292
2718,5.43403244
2719,-10.84635067
2720,-19.43521309
2721,-3.667598963
2722,15.81758404
2723,6.715952396
2724,5.305840492
2725,-11.48731041
2726,9.407984734
2727,-16.74318123
2728,-2.001102924
2729,2.485616684
2730,-13.15380669
2731,16.97131157
2732,-8.026126862
2733,-15.97403049
2734,-7.256974697
2735,-5.590478897
2736,14.66385651
2737,-2.001102924
2738,8.254256248
2739,9.536176682
2740,-8.282510757
2741,5.562224388
2742,-10.07719898
2743,-0.7191830873
2744,-1.488335013
2745,7.485104561
2746,1.716464758
2747,17.22769547
2748,-6.744206905
2749,-7.256974697
2750,-16.10222244
2751,-14.30753422
2752,13.38193607
2753,13.89470387
2754,6.844144344
2755,-2.77025485
2756,-22.89639854
2757,10.94628811
2758,1.58827281
2759,9.151600838
2760,-3.154830933
2761,0.9473128319
2762,1.58827281
2763,-23.79374123
2764,-4.564942837
2765,0.4345448613
2766,9.536176682
2767,5.562224388
2768,-3.539406776
2769,-3.283022881
2770,-1.616526961
2771,0.9473128319
2772,-3.667598963
2773,4.664880753
2774,9.151600838
2775,9.792560577
2776,1.972848773
2777,0.8191208839
2778,11.84363174
2779,-3.795790911
2780,7.228720665
2781,7.100528717
2782,-7.385166645
2783,2.998384714
2784,-7.641550541
2785,1.716464758
2786,-9.820814133
2787,-9.949006081
2788,21.07345581
2789,13.76651192
2790,1.58827281
2791,15.68939209
2792,-23.92193413
2793,8.382448196
2794,-8.923470497
2795,2.485616684
2796,-3.923982859
2797,2.10104084
2798,-5.205902576
2799,-3.667598963
2800,8.638832092
2801,11.07448006
2802,-17.89690971
2803,-17.51233482
2804,2.613808632
2805,-3.026638985
2806,9.023407936
2807,8.638832092
2808,-15.7176466
2809,-3.026638985
2810,-15.97403049
2811,5.690416336
2812,6.587760448
2813,5.562224388
2814,22.61175919
2815,-13.15380669
2816,6.587760448
2817,-29.43418884
2818,-6.616014481
2819,0.6909288764
2820,5.946800709
2821,14.40747166
2822,1.331888795
2823,3.639344692
2824,-1.360143065
2825,-8.282510757
2826,-9.308046341
2827,-2.385679007
2828,9.920752525
2829,0.5627368689
2830,5.562224388
2831,-10.20539093
2832,18.89419174
2833,-11.48731041
2834,-15.46126175
2835,14.15108776
2836,16.33035278
2837,11.58724785
2838,3.895728588
2839,-12.12827015
2840,3.382960796
2841,4.408496857
2842,1.844656825
2843,10.56171227
2844,4.280304432
2845,12.22820854
2846,-10.71815872
2847,-10.20539093
2848,-14.69211006
2849,-7.641550541
2850,25.04740715
2851,9.920752525
2852,-3.411214828
2853,0.9473128319
2854,-5.205902576
2855,13.51012802
2856,21.5862236
2857,-6.359630585
2858,14.9202404
2859,-5.462286949
2860,9.407984734
2861,-21.87086105
2862,-4.693134785
2863,-3.154830933
2864,0.3063528836
2865,-1.10375905
2866,8.382448196
2867,-15.3330698
2868,6.203184605
2869,-15.7176466
2870,-11.61550236
2871,-5.846862793
2872,11.97182465
2873,22.35537529
2874,10.56171227
2875,-7.385166645
2876,-2.001102924
2877,-8.667086601
2878,-1.10375905
2879,14.66385651
2880,-0.3346070647
2881,13.63831997
2882,-5.590478897
2883,0.0499688983
2884,-12.0000782
2885,0.4345448613
2886,6.331376553
2887,23.63729477
2888,-6.103246689
2889,7.100528717
2890,-21.48628616
2891,2.613808632
2892,-10.84635067
2893,-12.89742279
2894,16.71492767
2895,-2.513870955
2896,16.58673668
2897,2.485616684
2898,-20.84532547
2899,-6.744206905
2900,-7.385166645
2901,-3.539406776
2902,16.33035278
2903,3.25476861
2904,-1.360143065
2905,8.254256248
2906,-17.64052582
2907,2.870192766
2908,5.690416336
2909,12.22820854
2910,8.638832092
2911,-14.30753422
2912,12.48459244
2913,-23.40916634
2914,4.536688805
2915,12.74097633
2916,7.100528717
2917,17.48407936
2918,-7.256974697
2919,-0.9755670428
2920,-13.28199863
2921,8.638832092
2922,-1.231950998
2923,7.869680405
2924,-12.76922989
2925,18.38142395
2926,-7.128782749
2927,10.04894447
2928,-7.897934437
2929,-16.48679733
2930,8.510640144
2931,-0.07822309434
2932,-7.128782749
2933,17.22769547
2934,-6.872398853
2935,2.613808632
2936,-10.33358288
2937,-6.616014481
2938,18.38142395
2939,-11.35911846
2940,6.844144344
2941,-15.84583855
2942,-4.052175045
2943,-17.51233482
2944,10.43352032
2945,9.664368629
2946,8.510640144
2947,-5.462286949
2948,-0.07822309434
2949,-12.64103794
2950,-24.30650902
2951,-1.488335013
2952,4.921264648
2953,18.25323105
2954,9.664368629
2955,-4.949518681
2956,6.715952396
2957,-12.51284599
2958,-10.84635067
2959,8.76702404
2960,-7.000590801
2961,15.56120014
2962,11.58724785
2963,-19.30702209
2964,-5.590478897
2965,-26.35758209
2966,4.280304432
2967,20.17611122
2968,-3.923982859
2969,20.17611122
2970,-14.30753422
2971,-0.4627990723
2972,-21.10170937
2973,-13.53838253
2974,11.202672
2975,5.049456596
2976,23.50910378
2977,-9.308046341
2978,-14.17934227
2979,-6.744206905
2980,-6.487822533
2981,0.4345448613
2982,9.536176682
2983,5.562224388
2984,19.53515244
2985,0.1781608909
2986,14.79204845
2987,-0.07822309434
2988,-9.692622185
2989,-16.10222244
2990,3.895728588
2991,-7.000590801
2992,18.76600075
2993,-6.616014481
2994,-8.667086601
2995,-3.923982859
2996,-18.53787041
2997,17.48407936
2998,-0.206415087
2999,-0.7191830873
3000,-3.411214828
3001,-15.84583855
3002,7.613296509
3003,-16.48679733
3004,11.4590559
3005,1.331888795
3006,10.94628811
3007,-1.616526961
3008,-17.76871872
3009,0.9473128319
3010,6.459568501
3011,2.357424736
3012,-17.89690971
3013,13.89470387
3014,-13.92295837
3015,18.38142395
3016,-10.20539093
3017,-10.20539093
3018,2.10104084
3019,2.998384714
3020,6.844144344
3021,2.229232788
3022,-17.38414192
3023,5.305840492
3024,3.25476861
3025,-18.15329361
3026,15.04843235
3027,-1.872910976
3028,6.587760448
3029,-1.10375905
3030,-18.53787041
3031,13.76651192
3032,-19.17882919
3033,-1.616526961
3034,10.81809616
3035,-2.385679007
3036,18.89419174
3037,-6.744206905
3038,-3.154830933
3039,10.43352032
3040,0.5627368689
3041,-9.949006081
3042,7.613296509
3043,1.460080862
3044,6.972336292
3045,-1.616526961
3046,-15.84583855
3047,-8.026126862
3048,-4.436750889
3049,5.43403244
3050,13.25374413
3051,-6.359630585
3052,11.97182465
3053,-23.15278244
3054,-1.10375905
3055,-18.53787041
3056,3.639344692
3057,9.920752525
3058,1.331888795
3059,-4.436750889
3060,-20.46075058
3061,2.613808632
3062,-1.10375905
3063,3.126576662
3064,-3.923982859
3065,4.921264648
3066,-9.179854393
3067,-16.74318123
3068,0.1781608909
3069,-4.821326733
3070,11.84363174
3071,5.049456596
3072,9.536176682
3073,10.30532837
3074,6.972336292
3075,0.4345448613
3076,-1.231950998
3077,-16.23041344
3078,-5.462286949
3079,2.998384714
3080,-0.4627990723
3081,-0.9755670428
3082,-9.051662445
3083,15.1766243
3084,-9.692622185
3085,-10.20539093
3086,-8.15431881
3087,13.89470387
3088,38.63575745
3089,2.357424736
3090,-13.15380669
3091,-14.56391811
3092,1.58827281
3093,-2.001102924
3094,-1.488335013
3095,2.613808632
3096,22.73995209
3097,-5.462286949
3098,8.76702404
3099,-15.07668591
3100,-18.28148651
3101,-12.38465405
3102,1.972848773
3103,-1.744719028
3104,15.04843235
3105,5.690416336
3106,-2.513870955
3107,2.613808632
3108,-25.20385361
3109,2.357424736
3110,1.716464758
3111,5.177648544
3112,3.76753664
3113,-9.179854393
3114,3.25476861
3115,7.741488457
3116,-10.07719898
3117,-3.923982859
3118,-14.94849396
3119,11.84363174
3120,16.84312057
3121,15.43300819
3122,-0.8473750353
3123,15.56120014
3124,-13.79476643
3125,-6.231438637
3126,-5.718670845
3127,-1.872910976
3128,9.407984734
3129,6.459568501
3130,3.639344692
3131,-0.4627990723
3132,-8.282510757
3133,-14.82030201
3134,0.9473128319
3135,-10.20539093
3136,22.48356819
3137,10.94628811
3138,-7.128782749
3139,-4.052175045
3140,-22.64001465
3141,-0.4627990723
3142,5.818608761
3143,12.35640049
3144,2.229232788
3145,-20.33255768
3146,5.305840492
3147,-13.28199863
3148,6.459568501
3149,7.869680405
3150,4.152112484
3151,13.51012802
3152,-7.128782749
3153,-4.693134785
3154,3.895728588
3155,-3.411214828
3156,1.07550478
3157,-13.41019058
3158,-12.12827015
3159,-2.642062902
3160,17.86865616
3161,4.536688805
3162,13.89470387
3163,-26.61396599
3164,7.613296509
3165,-23.53735733
3166,6.844144344
3167,-5.590478897
3168,20.81707191
3169,17.86865616
3170,-4.821326733
3171,-12.76922989
3172,-10.07719898
3173,6.331376553
3174,-0.4627990723
3175,5.690416336
3176,6.203184605
3177,-4.693134785
3178,-9.949006081
3179,-0.4627990723
3180,1.58827281
3181,-0.4627990723
3182,-8.282510757
3183,12.22820854
3184,-10.20539093
3185,5.818608761
3186,-8.282510757
3187,-14.43572617
3188,-0.206415087
3189,-1.872910976
3190,22.35537529
3191,-1.872910976
3192,-0.3346070647
3193,-10.71815872
3194,-4.693134785
3195,-3.283022881
3196,7.485104561
3197,-6.231438637
3198,13.25374413
3199,1.972848773
3200,-1.10375905
3201,6.972336292
3202,-11.10273457
3203,1.460080862
3204,4.921264648
3205,-5.205902576
3206,4.023920536
3207,6.844144344
3208,1.972848773
3209,-4.436750889
3210,-5.718670845
3211,-16.23041344
3212,9.536176682
3213,-2.642062902
3214,-2.513870955
3215,4.921264648
3216,-5.975054741
3217,14.40747166
3218,-18.6660614
3219,-1.616526961
3220,-18.6660614
3221,-3.539406776
3222,15.56120014
3223,7.100528717
3224,-2.001102924
3225,0.6909288764
3226,-10.58996677
3227,-3.667598963
3228,-10.97454262
3229,5.562224388
3230,17.09950447
3231,0.9473128319
3232,-15.84583855
3233,-6.744206905
3234,16.45854378
3235,10.81809616
3236,6.331376553
3237,-6.231438637
3238,22.2271843
3239,-9.820814133
3240,2.998384714
3241,-2.001102924
3242,-25.33204651
3243,29.27774239
3244,-4.180366993
3245,4.664880753
3246,-1.744719028
3247,-21.61447716
3248,3.895728588
3249,-8.538894653
3250,9.407984734
3251,-2.898447037
3252,-5.334095001
3253,4.408496857
3254,-13.02561474
3255,13.63831997
3256,-22.38363075
3257,-3.667598963
3258,3.382960796
3259,2.357424736
3260,-9.051662445
3261,6.715952396
3262,-8.538894653
3263,-1.616526961
3264,3.895728588
3265,-19.56340599
3266,14.02289581
3267,7.997872353
3268,5.690416336
3269,-5.077710629
3270,4.536688805
3271,-7.641550541
3272,-2.77025485
3273,6.074992657
3274,32.09796524
3275,-9.051662445
3276,12.61278439
3277,-24.30650902
3278,-3.283022881
3279,-14.82030201
3280,6.715952396
3281,14.5356636
3282,0.4345448613
3283,0.6909288764
3284,19.02238464
3285,-17.51233482
3286,-8.026126862
3287,-8.410702705
3288,-0.3346070647
3289,22.35537529
3290,2.742000818
3291,6.715952396
3292,12.74097633
3293,2.870192766
3294,-8.410702705
3295,4.152112484
3296,-15.46126175
3297,7.997872353
3298,4.408496857
3299,5.690416336
3300,4.152112484
3301,-13.92295837
3302,5.690416336
3303,14.27927971
3304,-14.56391811
3305,11.202672
3306,10.81809616
3307,16.07396889
3308,-5.462286949
3309,-24.43470192
3310,-2.513870955
3311,7.228720665
3312,31.20062256
3313,2.357424736
3314,15.30481625
3315,-4.693134785
3316,-5.846862793
3317,1.716464758
3318,-0.07822309434
3319,-3.026638985
3320,0.9473128319
3321,19.02238464
3322,5.818608761
3323,14.27927971
3324,-8.026126862
3325,-11.74369431
3326,-8.538894653
3327,-7.000590801
3328,25.04740715
3329,-9.949006081
3330,5.690416336
3331,-14.69211006
3332,-17.12775803
3333,15.81758404
3334,18.38142395
3335,10.30532837
3336,6.074992657
3337,-1.360143065
3338,-6.872398853
3339,-24.69108582
3340,-5.590478897
3341,11.4590559
3342,14.9202404
3343,7.356912613
3344,-10.71815872
3345,-6.103246689
3346,5.946800709
3347,7.485104561
3348,-11.61550236
3349,3.511152744
3350,4.921264648
3351,17.99684715
3352,-20.58894157
3353,-21.99905396
3354,9.151600838
3355,13.12555218
3356,13.63831997
3357,21.45803261
3358,-5.846862793
3359,-9.179854393
3360,-6.359630585
3361,-9.949006081
3362,12.99736023
3363,-7.897934437
3364,15.04843235
3365,9.664368629
3366,-5.846862793
3367,1.203696847
3368,-22.38363075
3369,16.45854378
3370,8.382448196
3371,-2.513870955
3372,14.27927971
3373,-1.10375905
3374,10.04894447
3375,-1.10375905
3376,8.76702404
3377,5.305840492
3378,5.305840492
3379,-2.513870955
3380,-4.308558941
3381,-18.53787041
3382,2.613808632
3383,0.5627368689
3384,19.53515244
3385,-8.026126862
3386,-9.179854393
3387,-17.38414192
3388,-14.05115032
3389,-5.462286949
3390,17.74046326
3391,5.818608761
3392,25.94475174
3393,-17.76871872
3394,-13.79476643
3395,-10.58996677
3396,-6.616014481
3397,15.56120014
3398,4.793072701
3399,10.94628811
3400,-12.76922989
3401,7.613296509
3402,-10.46177483
3403,-4.180366993
3404,-0.9755670428
3405,10.68990421
3406,8.895215988
3407,9.279792786
3408,7.485104561
3409,0.9473128319
3410,14.79204845
3411,-9.692622185
3412,-9.949006081
3413,6.203184605
3414,12.35640049
3415,-3.026638985
3416,2.742000818
3417,-26.74215698
3418,7.100528717
3419,0.9473128319
3420,22.61175919
3421,9.920752525
3422,-8.026126862
3423,-6.231438637
3424,8.254256248
3425,-7.769742489
3426,36.96926117
3427,-8.667086601
3428,-0.4627990723
3429,-15.3330698
3430,-7.513358593
3431,21.07345581
3432,-0.9755670428
3433,0.6909288764
3434,-1.744719028
3435,-11.23092651
3436,-2.898447037
3437,-7.385166645
3438,-9.436238289
3439,6.844144344
3440,-0.9755670428
3441,2.998384714
3442,23.12452698
3443,-3.411214828
3444,-5.975054741
3445,3.126576662
3446,-30.58791733
3447,14.79204845
3448,-6.872398853
3449,21.5862236
3450,-23.79374123
3451,-3.026638985
3452,-1.488335013
3453,2.10104084
3454,10.68990421
3455,9.151600838
3456,9.920752525
3457,4.536688805
3458,-17.76871872
3459,-18.9224453
3460,-9.051662445
3461,10.56171227
3462,15.1766243
3463,4.921264648
3464,1.07550478
3465,-11.87188625
3466,2.998384714
3467,14.02289581
3468,-12.51284599
3469,-1.10375905
3470,4.280304432
3471,-8.538894653
3472,3.126576662
3473,2.870192766
3474,3.76753664
3475,6.587760448
3476,-12.89742279
3477,2.998384714
3478,-11.61550236
3479,-23.92193413
3480,3.895728588
3481,21.45803261
3482,7.997872353
3483,19.40695953
3484,-20.46075058
3485,-1.616526961
3486,-11.10273457
3487,13.89470387
3488,0.1781608909
3489,1.07550478
3490,7.228720665
3491,-17.76871872
3492,-5.077710629
3493,0.5627368689
3494,0.4345448613
3495,1.460080862
3496,1.844656825
3497,-5.462286949
3498,6.203184605
3499,14.27927971
3500,1.972848773
3501,3.126576662
3502,-15.20487785
3503,10.17713642
3504,15.04843235
3505,11.33086395
3506,-12.12827015
3507,-10.20539093
3508,10.17713642
3509,0.0499688983
3510,3.382960796
3511,-20.46075058
3512,-5.718670845
3513,-4.308558941
3514,10.94628811
3515,21.07345581
3516,-2.513870955
3517,-7.897934437
3518,-6.616014481
3519,-6.359630585
3520,-13.28199863
3521,3.126576662
3522,17.09950447
3523,-2.513870955
3524,9.151600838
3525,-2.513870955
3526,-0.07822309434
3527,-6.616014481
3528,-1.231950998
3529,7.356912613
3530,11.33086395
3531,28.3803997
3532,5.946800709
3533,-4.693134785
3534,-1.872910976
3535,0.0499688983
3536,11.97182465
3537,3.25476861
3538,-8.538894653
3539,9.792560577
3540,-22.25543785
3541,-4.052175045
3542,3.895728588
3543,-13.79476643
3544,28.76497459
3545,-0.4627990723
3546,6.331376553
3547,-18.28148651
3548,-13.28199863
3549,4.408496857
3550,4.280304432
3551,9.279792786
3552,-0.8473750353
3553,-8.667086601
3554,5.43403244
3555,-13.66657448
3556,-2.898447037
3557,-6.744206905
3558,-3.667598963
3559,9.151600838
3560,12.74097633
3561,-5.718670845
3562,1.331888795
3563,3.639344692
3564,-15.07668591
3565,0.0499688983
3566,11.58724785
3567,17.86865616
3568,-5.205902576
3569,3.126576662
3570,-11.48731041
3571,-9.949006081
3572,0.8191208839
3573,-7.385166645
3574,10.30532837
3575,4.152112484
3576,-5.590478897
3577,-12.2564621
3578,-10.07719898
3579,3.382960796
3580,15.56120014
3581,10.17713642
3582,-14.43572617
3583,5.690416336
3584,-18.6660614
3585,7.356912613
3586,-3.154830933
3587,-12.38465405
3588,18.63780785
3589,9.279792786
3590,5.43403244
3591,4.408496857
3592,-27.51130867
3593,10.68990421
3594,-19.69159889
3595,0.4345448613
3596,5.562224388
3597,-0.7191830873
3598,-0.8473750353
3599,-1.744719028
3600,-17.12775803
3601,-6.231438637
3602,-6.487822533
3603,17.48407936
3604,16.97131157
3605,-10.33358288
3606,3.382960796
3607,-24.69108582
3608,10.17713642
3609,5.049456596
3610,-0.5909910798
3611,7.613296509
3612,-3.411214828
3613,15.68939209
3614,-4.564942837
3615,-9.692622185
3616,-3.154830933
3617,19.02238464
3618,-2.129294872
3619,17.09950447
3620,-4.564942837
3621,13.12555218
3622,-9.308046341
3623,-16.35860634
3624,2.998384714
3625,6.459568501
3626,9.279792786
3627,7.356912613
3628,-10.58996677
3629,6.459568501
3630,-11.87188625
3631,-4.308558941
3632,14.15108776
3633,-6.616014481
3634,16.84312057
3635,2.613808632
3636,-0.07822309434
3637,-22.89639854
3638,7.100528717
3639,5.690416336
3640,-0.7191830873
3641,1.203696847
3642,-4.308558941
3643,0.5627368689
3644,-17.25595093
3645,-5.334095001
3646,7.485104561
3647,20.68887901
3648,14.79204845
3649,-5.205902576
3650,2.229232788
3651,8.126064301
3652,4.536688805
3653,5.690416336
3654,12.86916828
3655,-3.539406776
3656,-1.231950998
3657,6.844144344
3658,-0.3346070647
3659,4.536688805
3660,12.22820854
3661,1.972848773
3662,-0.7191830873
3663,-29.94695663
3664,22.2271843
3665,-15.46126175
3666,-13.66657448
3667,1.716464758
3668,1.58827281
3669,16.97131157
3670,-3.539406776
3671,-7.641550541
3672,-21.61447716
3673,1.460080862
3674,4.152112484
3675,-0.8473750353
3676,-2.642062902
3677,13.25374413
3678,-6.487822533
3679,1.58827281
3680,0.4345448613
3681,-6.103246689
3682,-12.0000782
3683,-1.616526961
3684,7.997872353
3685,15.94577599
3686,11.84363174
3687,-2.513870955
3688,-6.872398853
3689,-24.30650902
3690,25.17560005
3691,16.33035278
3692,18.63780785
3693,-1.488335013
3694,-18.6660614
3695,5.562224388
3696,-18.02510262
3697,19.91972733
3698,3.25476861
3699,8.895215988
3700,-1.360143065
3701,-15.46126175
3702,-5.718670845
3703,-2.77025485
3704,13.76651192
3705,10.68990421
3706,11.84363174
3707,4.023920536
3708,23.12452698
3709,-18.9224453
3710,-7.385166645
3711,23.25271988
3712,-3.795790911
3713,14.79204845
3714,2.485616684
3715,-13.02561474
3716,-4.308558941
3717,-13.66657448
3718,1.460080862
3719,-5.205902576
3720,14.5356636
3721,10.17713642
3722,1.58827281
3723,-10.33358288
3724,0.8191208839
3725,-20.33255768
3726,14.5356636
3727,7.485104561
3728,-12.51284599
3729,9.023407936
3730,-25.20385361
3731,19.40695953
3732,-8.410702705
3733,12.10001659
3734,17.61227226
3735,-8.282510757
3736,14.79204845
3737,-4.949518681
3738,-0.07822309434
3739,0.1781608909
3740,3.511152744
3741,-5.334095001
3742,4.793072701
3743,-10.58996677
3744,13.76651192
3745,-6.103246689
3746,-1.616526961
3747,2.742000818
3748,-4.052175045
3749,5.562224388
3750,14.02289581
3751,-10.07719898
3752,7.741488457
3753,-29.30599785
3754,10.43352032
3755,-24.94746971
3756,3.382960796
3757,4.793072701
3758,9.792560577
3759,10.04894447
3760,-25.7166214
3761,-7.513358593
3762,1.972848773
3763,12.99736023
3764,-2.513870955
3765,0.8191208839
3766,0.0499688983
3767,-4.564942837
3768,-7.385166645
3769,-1.616526961
3770,8.126064301
3771,-0.3346070647
3772,-3.154830933
3773,19.02238464
